,,,,,,,,,,6155C,6155D,6156C,6156D,,,,,,,,,,
,,,,,,,,,,6155A,6155B,6156A,6156B,,,,,,,,,,
,,,,,,,,,6054D,6055C,6055D,6056C,,,,,,,,,,,
,,,,,,,,,6054B,6055A,6055B,6056A,,,,,,,,,,,
,,,,,,,5953D,5954C,5954D,5955C,5955D,5956C,,,,,,,,,,,
,,,,,,,5953B,5954A,5954B,5955A,5955B,5956A,,,,,,,,,,,
,,,,,,,5853D,5854C,5854D,5855C,5855D,5856C,,,,,,,,,,,
,,,,,,,5853B,5854A,5854B,5855A,5855B,,,,,,,,,,,,
,,,,,,,5753D,5754C,5754D,5755C,5755D,,,,,,,,,,,,
,,,,,,,5753B,5754A,5754B,5755A,,,,,,,,,,,,,
,,,,,,,5653D,5654C,5654D,5655C,,,,,,,,,,,,,
,,,,,,,5653B,5654A,5654B,5655A,,,,,,,,,,,,,
,,5551C,5551D,5552C,5552D,5553C,5553D,5554C,5554D,5555C,,,,,,,,,,,,,
5550A,5550B,5551A,5551B,5552A,5552B,5553A,5553B,5554A,5554B,5555A,,,,,,,,,,,,,
5450C,5450D,5451C,5451D,5452C,5452D,5453C,5453D,5454C,5454D,5455C,,,,,,,,,,,,,
5450A,5450B,5451A,5451B,5452A,5452B,5453A,5453B,5454A,5454B,5455A,,,,,,,,,,,,,
5350C,5350D,5351C,5351D,5352C,5352D,5353C,5353D,5354C,5354D,5355C,5355D,5356C,,,,,,,,,,,
5350A,5350B,5351A,5351B,5352A,5352B,5353A,5353B,5354A,5354B,5355A,5355B,5356A,5356B,5357A,5357B,5358A,5358B,5359A,,,,,
,,,5251D,5252C,5252D,5253C,5253D,5254C,5254D,5255C,5255D,5256C,5256D,5257C,5257D,5258C,5258D,5259C,5259D,5260C,5260D,5261C,5261D
5250A,5250B,5251A,5251B,5252A,5252B,5253A,5253B,5254A,5254B,5255A,5255B,5256A,5256B,5257A,5257B,5258A,5258B,5259A,5259B,5260A,5260B,5261A,5261B
5150C,5150D,5151C,5151D,5152C,5152D,5153C,5153D,5154C,5154D,5155C,5155D,5156C,5156D,5157C,5157D,5158C,5158D,5159C,5159D,5160C,5160D,5161C,5161D
,5150B,5151A,5151B,5152A,5152B,5153A,5153B,5154A,5154B,5155A,5155B,5156A,5156B,5157A,5157B,5158A,5158B,5159A,5159B,5160A,5160B,5161A,
,,,5051D,5052C,5052D,5053C,5053D,5054C,5054D,5055C,5055D,5056C,5056D,5057C,5057D,5058C,5058D,5059C,5059D,5060C,5060D,,
,,,5051B,5052A,5052B,5053A,5053B,5054A,5054B,5055A,5055B,5056A,5056B,5057A,5057B,5058A,5058B,5059A,5059B,5060A,5060B,,
,,,4951D,4952C,4952D,4953C,4953D,4954C,4954D,4955C,4955D,4956C,4956D,4957C,,,,,,,,,
,,,4951B,4952A,4952B,4953A,4953B,4954A,4954B,,,,,,,,,,,,,,
,,,,,,4853C,4853D,4854C,4854D,,,,,,,,,,,,,,
